,"ARIMA: (2, 1, 4)"
ar.L1,1.2450376916399473
ar.L2,-0.996106763908658
ma.L1,-1.5237890612428786
ma.L2,1.0602883955417481
ma.L3,0.04877581647682888
ma.L4,-0.2752501515918184
sigma2,469.3611912025925
